{
    "summary": {
        "GC": {
            "Core": {
                "mean": 51.85757611466765,
                "std": 3.7218801068541194,
                "median": 52.38095238095239
            },
            "Accessory": {
                "mean": 48.48975842423175,
                "std": 6.902421827629699,
                "median": 49.749103942652326
            },
            "Singleton": {
                "mean": 47.22248725821304,
                "std": 7.703256776703694,
                "median": 48.56743535988819
            },
            "Candidate": {
                "mean": 41.87066568161498,
                "std": 8.041626234174815,
                "median": 44.927536231884055
            },
            "Acquired AMR": {
                "mean": 50.64210439013164,
                "std": 7.653010745690613,
                "median": 50.82582582582583
            }
        },
        "Length": {
            "Core": {
                "mean": 981.9090634441087,
                "std": 626.704646303526,
                "median": 867.0
            },
            "Accessory": {
                "mean": 940.3982808022922,
                "std": 797.5990087110505,
                "median": 807.0
            },
            "Singleton": {
                "mean": 634.0470588235294,
                "std": 542.024614585093,
                "median": 465.0
            },
            "Candidate": {
                "mean": 1152.7826086956522,
                "std": 560.2507520194328,
                "median": 1035.0
            },
            "Acquired AMR": {
                "mean": 811.0,
                "std": 283.7710344626456,
                "median": 786.0
            }
        },
        "CAI": {
            "Core": {
                "mean": 0.4523895970751052,
                "std": 0.09830682568477773,
                "median": 0.433998196519893
            },
            "Accessory": {
                "mean": 0.3830621671950694,
                "std": 0.06855645179382243,
                "median": 0.37331300839380516
            },
            "Singleton": {
                "mean": 0.36451371541040883,
                "std": 0.08166762798208693,
                "median": 0.3612787033561686
            },
            "Candidate": {
                "mean": 0.3430877605386347,
                "std": 0.06521166964884646,
                "median": 0.33608691915741906
            },
            "Acquired AMR": {
                "mean": 0.33030308108915957,
                "std": 0.037678314366756886,
                "median": 0.3284966470704573
            }
        },
        "ENC": {
            "Core": {
                "mean": 45.24410546206949,
                "std": 4.99925488689951,
                "median": 45.57307803882699
            },
            "Accessory": {
                "mean": 47.9738482586282,
                "std": 5.053165568469681,
                "median": 48.4927389203245
            },
            "Singleton": {
                "mean": 48.27904842537916,
                "std": 5.60160518587302,
                "median": 49.00635593220339
            },
            "Candidate": {
                "mean": 49.757865817526955,
                "std": 3.837283551612632,
                "median": 50.65948685053943
            },
            "Acquired AMR": {
                "mean": 51.52888153377455,
                "std": 3.6675055359736066,
                "median": 51.972649238928575
            }
        }
    },
    "effect_sizes": {
        "GC": {
            "Cand_vs_Core": {
                "cohens_d": -2.651370653443447,
                "cliffs_delta": -0.7615657428083541
            },
            "Cand_vs_AMR": {
                "cohens_d": -1.1083153727917572,
                "cliffs_delta": -0.5942028985507246
            }
        },
        "Length": {
            "Cand_vs_Core": {
                "cohens_d": 0.27283503181083035,
                "cliffs_delta": 0.21969000394062788
            },
            "Cand_vs_AMR": {
                "cohens_d": 0.7034054093494173,
                "cliffs_delta": 0.31521739130434784
            }
        },
        "CAI": {
            "Cand_vs_Core": {
                "cohens_d": -1.1139055526867754,
                "cliffs_delta": -0.7181137527912781
            },
            "Cand_vs_AMR": {
                "cohens_d": 0.22227470696275173,
                "cliffs_delta": 0.050724637681159424
            }
        },
        "ENC": {
            "Cand_vs_Core": {
                "cohens_d": 0.9041140699276866,
                "cliffs_delta": 0.5142256666228819
            },
            "Cand_vs_AMR": {
                "cohens_d": -0.4683321328225888,
                "cliffs_delta": -0.2753623188405797
            }
        }
    },
    "fisher_exact": {
        "contingency_table": [
            [
                1,
                22
            ],
            [
                83,
                3227
            ]
        ],
        "odds_ratio": 1.767250821467689,
        "p_value": 0.445150845757562
    }
}